<?xml version="1.0" encoding="UTF-8"?>
<project-private xmlns="http://www.netbeans.org/ns/project-private/1">
    <editor-bookmarks xmlns="http://www.netbeans.org/ns/editor-bookmarks/2" lastBookmarkId="0"/>
    <open-files xmlns="http://www.netbeans.org/ns/projectui-open-files/2">
        <group name="Group 20220706-11:03:48">
            <file>file:/C:/Users/hp/OneDrive/Desktop/OS%20LAB%20PROJECT/CLIENT_SERVER_PROJECT_OS_LAB/src/client_msg.java</file>
            <file>file:/C:/Users/hp/OneDrive/Desktop/OS%20LAB%20PROJECT/CLIENT_SERVER_PROJECT_OS_LAB/src/ConnectOracle.java</file>
            <file>file:/C:/Users/hp/OneDrive/Desktop/OS%20LAB%20PROJECT/CLIENT_SERVER_PROJECT_OS_LAB/src/main.java</file>
            <file>file:/C:/Users/hp/OneDrive/Desktop/OS%20LAB%20PROJECT/CLIENT_SERVER_PROJECT_OS_LAB/src/server_msg.java</file>
            <file>file:/C:/Users/hp/OneDrive/Desktop/OS%20LAB%20PROJECT/CLIENT_SERVER_PROJECT_OS_LAB/src/InsertRecord.java</file>
        </group>
        <group>
            <file>file:/C:/Users/hp/OneDrive/Desktop/OS%20LAB%20PROJECT/CLIENT_SERVER_PROJECT_OS_LAB/src/ConnectOracle.java</file>
            <file>file:/C:/Users/hp/OneDrive/Desktop/OS%20LAB%20PROJECT/CLIENT_SERVER_PROJECT_OS_LAB/src/choice.java</file>
            <file>file:/C:/Users/hp/OneDrive/Desktop/OS%20LAB%20PROJECT/CLIENT_SERVER_PROJECT_OS_LAB/src/InsertRecord.java</file>
            <file>file:/C:/Users/hp/OneDrive/Desktop/OS%20LAB%20PROJECT/CLIENT_SERVER_PROJECT_OS_LAB/src/WELCOME.java</file>
            <file>file:/C:/Users/hp/OneDrive/Desktop/OS%20LAB%20PROJECT/CLIENT_SERVER_PROJECT_OS_LAB/src/client_msg.java</file>
            <file>file:/C:/Users/hp/OneDrive/Desktop/OS%20LAB%20PROJECT/CLIENT_SERVER_PROJECT_OS_LAB/src/main.java</file>
            <file>file:/C:/Users/hp/OneDrive/Desktop/OS%20LAB%20PROJECT/CLIENT_SERVER_PROJECT_OS_LAB/src/server_msg.java</file>
            <file>file:/C:/Users/hp/OneDrive/Desktop/OS%20LAB%20PROJECT/CLIENT_SERVER_PROJECT_OS_LAB/src/RECORD.java</file>
        </group>
    </open-files>
</project-private>
